200,100,John,Andres
250,200,Ivan,Ivan
299,300,Ivan,Ivan
400,500,Ivan,Ivan
750,700,Ivan,Ivan
1000.12345,1000.12345,Ivan,Ivan